3,23,3,23,3,23,3,23,3,23,3,3,23,3,3,3,3,23,3,3,23,3,23,3,23,3,23,3,23,3,0,0,0,0,0,0,0,0,0,0,0,0,0,0,0,0,0,0,0,0,0,0,0,0,0,0,0,0,0,0,0,0,0,0,0,0,0,0,0,0,0,0,0,0,0,0,0,0,0,0,0,0,0,0,0,0,0,0,0,0,0,0,0,0,0,0,0,0,0,0
13,13,13,13,13,13,13,13,13,13,13,13,13,13,13,13,13,13,13,13,13,13,13,13,13,13,13,13,13,13,0,0,0,0,0,0,0,0,0,0,0,0,0,0,0,0,0,0,0,0,0,0,0,0,0,0,0,0,0,0,0,0,0,0,0,0,0,0,0,0,0,0,0,0,0,0,0,0,0,0,0,0,0,0,0,0,0,0,0,0,0,0,0,0,0,0,0,0,0,0
13,13,13,13,13,13,13,13,13,13,13,13,13,13,13,13,13,13,13,13,13,13,13,13,13,13,13,13,13,13,0,0,0,0,0,0,0,0,0,0,0,0,0,0,0,0,0,0,0,0,0,0,0,0,0,0,0,0,0,0,0,0,0,0,0,0,0,0,0,0,0,0,0,0,0,0,0,0,0,0,0,0,0,0,0,0,0,0,0,0,0,0,0,0,0,0,0,0,0,0
23,23,23,23,23,23,23,23,23,23,23,23,3,23,3,3,23,3,23,23,23,23,23,23,23,23,23,23,23,23,0,0,0,0,0,0,0,0,0,0,0,0,0,0,0,0,0,0,0,0,0,0,0,0,0,0,0,0,0,0,0,0,0,0,0,0,0,0,0,0,0,0,0,0,0,0,0,0,0,0,0,0,0,0,0,0,0,0,0,0,0,0,0,0,0,0,0,0,0,0
13,13,13,13,13,13,13,13,13,13,13,13,13,13,13,13,13,13,13,13,13,13,13,13,13,13,13,13,13,13,0,0,0,0,0,0,0,0,0,0,0,0,0,0,0,0,0,0,0,0,0,0,0,0,0,0,0,0,0,0,0,0,0,0,0,0,0,0,0,0,0,0,0,0,0,0,0,0,0,0,0,0,0,0,0,0,0,0,0,0,0,0,0,0,0,0,0,0,0,0
13,13,13,13,13,13,13,13,13,13,13,13,13,13,13,13,13,13,13,13,13,13,13,13,13,13,13,13,13,13,0,0,0,0,0,0,0,0,0,0,0,0,0,0,0,0,0,0,0,0,0,0,0,0,0,0,0,0,0,0,0,0,0,0,0,0,0,0,0,0,0,0,0,0,0,0,0,0,0,0,0,0,0,0,0,0,0,0,0,0,0,0,0,0,0,0,0,0,0,0
23,23,23,23,23,23,23,23,23,23,23,23,3,23,14,15,23,3,23,23,23,23,23,23,23,23,23,23,23,23,0,0,0,0,0,0,0,0,0,0,0,0,0,0,0,0,0,0,0,0,0,0,0,0,0,0,0,0,0,0,0,0,0,0,0,0,0,0,0,0,0,0,0,0,0,0,0,0,0,0,0,0,0,0,0,0,0,0,0,0,0,0,0,0,0,0,0,0,0,0
33,33,33,33,33,33,33,33,33,33,33,33,33,33,24,25,33,33,33,33,33,33,33,33,33,33,33,33,33,33,0,0,0,0,0,0,0,0,0,0,0,0,0,0,0,0,0,0,0,0,0,0,0,0,0,0,0,0,0,0,0,0,0,0,0,0,0,0,0,0,0,0,0,0,0,0,0,0,0,0,0,0,0,0,0,0,0,0,0,0,0,0,0,0,0,0,0,0,0,0
34,71,71,71,71,71,71,71,71,71,71,36,30,31,71,36,30,31,36,71,71,71,71,71,71,71,71,71,71,35,0,0,0,0,0,0,0,0,0,0,0,0,0,0,0,0,0,0,0,0,0,0,0,0,0,0,0,0,0,0,0,0,0,0,0,0,0,0,0,0,0,0,0,0,0,0,0,0,0,0,0,0,0,0,0,0,0,0,0,0,0,0,0,0,0,0,0,0,0,0
29,91,91,91,91,91,91,91,91,91,91,91,91,91,91,91,91,91,91,91,91,91,91,91,91,91,91,91,91,9,0,0,0,0,0,0,0,0,0,0,0,0,0,0,0,0,0,0,0,0,0,0,0,0,0,0,0,0,0,0,0,0,0,0,0,0,0,0,0,0,0,0,0,0,0,0,0,0,0,0,0,0,0,0,0,0,0,0,0,0,0,0,0,0,0,0,0,0,0,0
29,71,71,71,71,71,71,71,71,71,71,71,71,3,81,81,3,71,71,71,71,71,71,71,71,71,71,71,71,9,13,13,13,13,13,13,13,13,13,13,13,13,13,13,13,13,13,13,13,13,13,13,13,13,13,13,13,13,13,13,13,13,13,13,13,13,13,13,13,13,13,13,13,13,13,13,13,13,13,13,13,13,13,13,13,13,13,13,13,13,13,13,13,13,13,13,13,13,13,13
29,91,71,71,71,71,71,71,71,71,71,71,71,36,91,91,36,71,71,71,71,71,71,71,71,71,71,71,91,9,13,0,0,0,0,0,0,0,0,0,13,13,13,13,13,13,13,13,13,13,13,13,13,13,13,13,13,13,13,13,0,0,0,0,0,0,0,0,0,0,0,0,0,0,0,0,0,0,0,0,0,0,0,0,0,0,0,0,0,0,0,0,0,0,0,0,0,0,0,0
29,50,91,71,71,71,71,71,71,71,71,71,71,3,81,81,3,71,71,71,71,71,71,71,71,71,71,91,67,9,13,0,13,13,13,0,0,0,0,0,13,13,13,13,13,13,13,13,0,0,0,0,0,0,0,0,0,0,0,0,0,0,0,0,0,0,0,0,0,0,0,0,0,0,0,0,0,0,0,0,0,0,0,0,0,0,0,0,0,0,0,0,0,0,0,0,0,0,0,0
29,50,50,91,71,71,71,71,71,71,71,71,71,36,91,91,36,71,71,71,71,71,71,71,71,71,91,50,67,9,13,0,13,0,13,0,0,0,0,0,0,0,0,0,0,0,0,0,0,0,0,0,0,0,0,0,0,0,0,0,0,0,0,0,0,0,0,0,0,0,0,0,0,0,0,0,0,0,0,0,0,0,0,0,0,0,0,0,0,0,0,0,0,0,0,0,0,0,0,0
29,50,50,50,91,71,71,71,71,71,71,71,71,3,81,81,3,71,71,71,71,71,71,71,71,91,50,50,67,9,13,0,13,13,13,0,0,0,0,0,0,0,0,0,0,0,0,0,0,0,0,0,0,0,0,0,0,0,0,0,0,0,0,0,0,0,0,0,0,0,0,0,0,0,0,0,0,0,0,0,0,0,0,0,0,0,0,0,0,0,0,0,0,0,0,0,0,0,0,0
29,50,50,50,50,91,71,71,71,71,71,71,71,36,91,91,36,71,71,71,71,71,71,71,91,50,50,50,67,9,13,0,0,0,0,13,13,13,0,0,0,0,0,0,0,0,0,0,0,0,0,0,0,0,0,0,0,0,0,0,0,0,0,0,0,0,0,0,0,0,0,0,0,0,0,0,0,0,0,0,0,0,0,0,0,0,0,0,0,0,0,0,0,0,0,0,0,0,0,0
29,50,50,50,50,67,91,71,71,71,71,71,71,3,81,81,3,71,71,71,71,71,71,91,67,50,50,50,67,9,13,0,0,0,0,13,0,13,0,0,0,0,0,0,0,0,0,0,0,0,0,0,0,0,0,0,0,0,0,0,0,0,0,0,0,0,0,0,0,0,0,0,0,0,0,0,0,0,0,0,0,0,0,0,0,0,0,0,0,0,0,0,0,0,0,0,0,0,0,0
29,50,50,50,50,67,50,91,71,71,71,71,71,36,91,91,36,71,71,71,71,71,91,50,67,50,50,50,67,9,13,0,0,0,0,13,13,13,0,0,0,0,0,0,0,0,0,0,0,0,0,0,0,0,0,0,0,0,0,0,0,0,0,0,0,0,0,0,0,0,0,0,0,0,0,0,0,0,0,0,0,0,0,0,0,0,0,0,0,0,0,0,0,0,0,0,0,0,0,0
29,50,50,50,50,67,50,50,91,71,71,71,71,3,81,81,3,71,71,71,71,91,50,50,67,50,50,50,67,9,13,0,0,0,0,0,0,0,0,0,0,0,0,0,0,0,0,0,0,0,0,0,0,0,0,0,0,0,0,0,0,0,0,0,0,0,0,0,0,0,0,0,0,0,0,0,0,0,0,0,0,0,0,0,0,0,0,0,0,0,0,0,0,0,0,0,0,0,0,0
29,50,50,50,50,67,50,50,67,91,71,71,71,36,91,91,36,71,71,9,5,5,5,5,5,5,5,5,5,9,13,0,0,0,0,0,0,0,0,0,0,0,0,0,0,0,0,0,0,0,0,0,0,0,0,0,0,0,0,0,0,0,0,0,0,0,0,0,0,0,0,0,0,0,0,0,0,0,0,0,0,0,0,0,0,0,0,0,0,0,0,0,0,0,0,0,0,0,0,0
29,50,50,50,50,67,50,50,67,50,91,71,71,3,81,81,3,71,71,9,13,13,13,13,13,13,13,13,13,13,13,13,0,0,0,0,0,0,0,0,0,0,0,0,0,0,0,0,0,0,0,0,0,0,0,0,0,0,0,0,0,0,0,0,0,0,0,0,0,0,0,0,0,0,0,0,0,0,0,0,0,0,0,0,0,0,0,0,0,0,0,0,0,0,0,0,0,0,0,0
29,50,50,50,50,67,50,50,67,50,50,91,71,36,91,91,36,71,91,9,13,13,13,13,13,13,13,13,13,13,13,13,0,0,0,0,0,0,0,0,0,0,0,0,0,0,0,0,0,0,0,0,0,0,0,0,0,0,0,0,0,0,0,0,0,0,0,0,0,0,0,0,0,13,13,13,13,0,0,0,0,0,0,0,0,0,0,0,0,0,0,0,0,0,0,0,0,0,0,0
29,50,50,50,50,67,50,50,67,50,50,50,91,3,81,81,3,91,50,9,13,13,13,13,13,13,13,13,13,13,13,13,0,0,0,0,0,0,0,0,0,0,13,0,0,0,0,0,0,0,0,0,0,0,0,0,0,0,0,0,0,0,0,0,0,0,0,0,0,0,0,0,0,13,0,0,13,0,0,0,0,0,0,0,0,0,0,0,0,0,0,0,0,0,0,0,0,0,0,0
29,50,50,50,50,67,50,50,67,50,50,50,67,36,91,91,36,50,50,9,13,13,13,13,13,13,13,13,13,13,13,0,0,0,0,0,0,0,0,0,0,0,13,0,0,0,0,0,0,0,0,0,0,0,0,0,0,0,0,0,0,0,0,0,0,0,0,0,0,0,0,0,0,13,0,0,13,0,0,0,0,0,0,0,0,0,0,0,0,0,0,0,0,0,0,0,0,0,0,0
29,50,50,50,50,67,50,50,67,50,50,50,67,50,91,91,50,50,50,9,13,13,13,13,13,13,13,13,13,13,13,0,0,0,0,0,0,0,0,0,0,0,13,0,0,0,0,0,0,0,0,0,0,0,0,0,0,0,0,0,0,0,0,0,0,0,0,0,0,0,0,0,0,13,13,13,0,0,0,0,0,0,0,0,0,0,0,0,0,0,0,0,0,0,0,0,0,0,0,0
29,50,50,50,50,67,50,50,67,50,50,50,67,50,50,50,50,50,50,9,13,13,13,13,13,13,13,13,13,13,13,0,0,0,0,0,0,0,0,0,0,0,0,0,0,0,13,0,0,0,0,0,0,0,0,0,0,0,0,0,0,0,0,0,0,0,0,0,0,0,0,0,0,13,0,13,0,0,0,0,0,0,0,0,0,0,0,0,0,0,0,0,0,0,0,0,0,0,0,0
29,50,50,50,50,67,50,50,87,50,50,50,67,50,50,50,50,50,50,9,13,13,13,13,13,13,13,13,13,13,13,0,0,0,0,0,0,0,0,0,0,0,0,0,0,0,13,0,0,0,0,0,0,0,0,0,0,0,0,0,0,0,0,0,0,0,0,0,0,0,0,0,0,13,0,0,13,0,0,0,0,0,0,0,0,0,0,0,0,0,0,0,0,0,0,0,0,0,0,0
29,50,50,50,50,67,50,50,50,50,50,50,87,50,50,50,91,50,50,9,13,13,13,13,13,13,13,13,13,13,13,0,0,0,0,0,0,0,0,0,0,0,0,0,0,0,13,0,0,0,0,0,0,0,0,0,0,0,0,0,0,0,0,0,0,0,0,0,0,0,0,0,0,13,13,13,13,0,0,0,0,0,0,0,0,0,0,0,0,0,0,0,0,0,0,0,0,0,0,0
29,50,50,50,50,87,50,50,50,50,50,50,50,50,50,50,91,50,50,9,13,13,13,13,13,13,13,13,13,13,13,0,0,0,0,0,0,0,0,0,0,0,0,0,0,0,0,0,0,0,0,0,0,0,0,0,0,0,0,0,0,0,0,0,0,0,0,0,0,0,0,0,0,0,0,0,0,0,0,0,0,0,0,0,0,0,0,0,0,0,0,0,0,0,0,0,0,0,0,0
29,50,50,50,50,50,50,50,50,72,50,50,50,50,50,50,91,50,50,9,13,13,13,13,13,13,13,13,13,13,13,0,0,0,0,0,0,0,0,0,0,0,0,0,0,0,0,0,0,0,0,0,0,0,0,0,0,0,0,0,0,0,0,0,0,0,0,0,0,0,0,0,0,0,0,0,0,0,0,0,0,0,0,0,0,0,0,0,0,0,0,0,0,0,0,0,0,0,0,0
29,72,72,50,50,72,50,50,50,82,72,50,50,50,50,50,50,91,36,9,13,13,13,13,13,13,13,13,13,13,13,0,0,0,0,0,0,0,0,0,0,0,0,0,0,0,0,0,0,0,0,0,0,0,0,0,0,0,0,0,0,0,0,0,0,0,0,0,0,0,0,0,0,0,0,0,0,0,0,0,0,0,0,0,0,0,0,0,0,0,0,0,0,0,0,0,0,0,0,0
29,50,82,50,36,72,50,50,72,50,50,50,50,50,50,50,91,50,50,9,13,13,13,13,13,13,13,13,13,13,13,0,0,0,0,0,0,0,0,0,0,0,0,0,0,0,0,0,0,0,0,13,13,13,0,0,0,0,0,0,0,0,0,0,0,0,0,0,0,0,0,0,0,0,0,0,0,0,0,0,0,0,0,0,0,0,0,0,0,0,0,0,0,0,0,0,0,0,0,0
29,50,50,50,50,82,50,50,50,50,50,50,50,81,72,72,50,50,50,9,13,13,13,13,13,13,13,13,13,13,13,0,0,0,0,0,0,0,0,0,0,0,0,0,0,0,0,0,0,0,0,0,0,13,0,0,0,0,0,0,0,0,0,0,0,0,0,0,0,0,0,0,0,0,0,0,0,0,0,0,0,0,0,0,0,0,0,0,0,0,0,0,0,0,0,0,0,0,0,0
29,50,50,50,50,50,50,50,50,50,50,50,50,50,36,50,50,50,50,9,13,13,13,13,13,13,13,13,13,13,13,0,0,0,0,0,0,0,0,0,0,0,0,0,0,0,0,0,0,0,0,13,13,13,0,0,0,0,0,0,0,0,0,0,0,0,0,0,0,0,0,0,0,0,0,0,0,0,0,0,0,0,0,0,0,0,0,0,0,0,0,0,0,0,0,0,0,0,0,0
39,50,50,50,50,50,50,50,50,50,50,50,50,50,50,50,50,50,50,9,13,13,13,13,13,13,13,13,13,13,13,0,0,0,0,0,0,0,0,0,0,0,0,0,0,0,0,0,0,0,0,13,0,0,0,13,13,13,0,0,0,0,0,0,0,0,0,0,0,0,0,0,0,0,0,0,0,0,0,0,0,0,0,0,0,0,0,0,0,0,0,0,0,0,0,0,0,0,0,0
50,30,31,50,50,36,30,31,50,36,36,4,5,5,5,5,5,5,5,6,13,13,13,13,13,13,13,13,13,13,13,0,0,0,0,0,0,0,0,0,0,0,0,0,0,0,0,0,0,0,0,13,13,13,0,0,0,13,0,0,0,0,0,0,0,0,0,0,0,0,0,0,0,0,0,0,0,0,0,0,0,0,0,0,0,0,0,0,0,0,0,0,0,0,0,0,0,0,0,0
50,36,57,30,31,50,50,50,36,50,50,50,50,72,72,50,50,50,50,36,13,13,13,13,13,13,13,13,13,13,13,0,0,0,0,0,0,0,0,0,0,0,0,0,0,0,0,0,0,0,0,0,0,0,0,13,13,13,0,0,0,0,0,0,0,0,0,0,0,0,0,0,0,0,0,0,0,0,0,0,0,0,0,0,0,0,0,0,0,0,0,0,0,0,0,0,0,0,0,0
30,31,87,50,30,31,50,50,82,50,91,91,91,72,72,50,50,50,36,50,13,13,13,13,13,13,13,13,13,13,13,0,0,0,0,0,0,0,0,0,0,0,0,0,0,0,0,0,0,0,0,0,0,0,0,13,0,0,0,0,0,0,0,0,0,0,0,0,0,0,0,0,0,0,0,0,0,0,0,0,0,0,0,0,0,0,0,0,0,0,0,0,0,0,0,0,0,0,0,0
35,50,50,30,31,50,50,82,50,82,50,50,72,91,50,50,50,30,31,50,13,13,13,13,13,13,13,13,13,13,13,0,0,0,0,0,0,0,0,0,0,0,0,0,0,0,0,0,0,0,0,0,0,0,0,13,13,13,0,0,0,0,0,0,0,0,0,0,0,0,0,0,0,0,0,0,0,0,0,0,0,0,0,0,0,0,0,0,0,0,0,0,0,0,0,0,0,0,0,0
9,50,50,50,50,30,31,82,50,30,31,36,50,91,50,50,50,36,50,50,13,13,13,13,13,13,13,13,13,13,13,0,0,0,0,0,0,0,0,0,0,0,0,0,0,0,0,0,0,0,0,0,0,0,0,0,0,0,0,0,0,0,0,0,0,0,0,0,0,0,0,0,0,0,0,0,0,0,0,0,0,0,0,0,0,0,0,0,0,0,0,0,0,0,0,0,0,0,0,0
9,50,50,50,50,36,36,50,36,36,50,36,50,91,50,50,50,50,36,50,13,13,13,13,13,13,13,13,13,13,13,0,0,0,0,0,0,0,0,0,0,0,0,0,0,0,0,0,0,0,0,0,0,0,0,0,0,0,0,0,0,0,0,0,0,0,0,0,0,0,0,0,0,0,0,0,0,0,0,0,0,0,0,0,0,0,0,0,0,0,0,0,0,0,0,0,0,0,0,0
9,50,88,50,50,50,50,50,36,50,30,31,50,50,50,50,50,36,50,36,13,13,13,13,13,13,13,13,13,13,13,0,0,0,0,0,0,0,0,0,0,0,0,0,0,0,0,0,0,0,0,0,0,0,0,0,0,0,0,0,13,13,13,0,0,0,0,0,0,0,0,0,0,13,13,0,0,0,0,0,0,0,0,0,0,0,0,0,0,0,0,0,0,0,0,0,0,0,0,0
9,50,50,50,50,50,50,36,50,30,31,50,50,50,50,50,30,31,36,50,13,13,13,13,13,13,13,13,13,13,13,0,0,0,0,0,0,0,0,0,0,0,0,13,13,13,13,0,0,0,0,0,0,0,0,0,0,0,0,0,0,0,13,0,0,0,0,0,0,0,0,0,13,0,0,13,0,0,0,0,0,0,0,0,0,0,0,0,0,0,0,0,0,0,0,0,0,0,0,0
9,50,50,50,50,89,79,36,36,50,36,50,50,50,50,50,50,50,50,50,13,13,13,13,13,13,13,13,13,13,13,0,0,0,0,0,0,0,0,0,0,0,0,13,0,0,13,0,0,0,0,0,0,0,0,0,0,0,0,0,13,13,13,0,0,0,0,0,0,0,0,0,13,0,0,13,0,0,0,0,0,0,0,0,0,0,0,0,0,0,0,0,0,0,0,0,0,0,0,0
9,50,36,50,50,50,50,50,30,31,36,50,50,50,50,50,50,30,31,36,13,13,13,13,13,13,13,13,13,13,13,0,0,0,0,0,0,0,0,0,0,0,0,13,0,13,13,0,0,0,0,0,0,0,0,0,0,0,0,0,0,0,13,0,0,13,13,13,0,0,0,0,13,0,0,13,0,0,0,0,0,0,0,0,0,0,0,0,0,0,0,0,0,0,0,0,0,0,0,0
9,36,50,50,57,50,50,50,36,50,50,36,50,50,50,50,50,50,30,31,13,13,13,13,13,13,13,13,13,13,13,0,0,0,0,0,0,0,0,0,0,0,0,13,13,0,0,0,0,0,0,0,0,0,0,0,0,0,0,0,13,13,13,0,0,0,0,13,0,0,0,0,0,13,13,13,0,0,0,0,0,0,0,0,0,0,0,0,0,0,0,0,0,0,0,0,0,0,0,0
9,59,50,50,87,50,50,88,50,36,30,31,50,50,50,50,50,36,50,50,13,13,13,13,13,13,13,13,13,13,13,0,0,0,0,0,0,0,0,0,0,0,0,13,0,13,0,0,0,0,0,0,0,0,0,0,0,0,0,0,0,0,0,0,0,13,13,13,0,0,0,0,0,0,0,13,0,0,0,0,0,0,0,0,0,0,0,0,0,0,0,0,0,0,0,0,0,0,0,0
9,69,50,50,50,50,36,50,50,36,36,50,50,50,50,50,50,50,30,31,13,13,13,13,13,13,13,13,13,13,13,0,0,0,0,0,0,0,0,0,0,0,0,13,0,0,13,0,0,0,0,0,0,0,0,0,0,0,0,0,0,0,0,0,0,0,0,13,0,0,0,0,13,0,0,13,0,0,0,0,0,0,0,0,0,0,0,0,0,0,0,0,0,0,0,0,0,0,0,0
9,50,50,50,50,50,50,36,30,31,36,50,50,50,50,50,50,50,36,50,13,13,13,13,13,13,13,13,13,13,13,0,0,0,0,0,0,0,0,0,0,0,0,0,0,0,0,0,0,0,0,0,0,0,0,0,0,0,0,0,0,0,0,0,0,13,13,13,0,0,0,0,0,13,13,0,0,0,0,0,0,0,0,0,0,0,0,0,0,0,0,0,0,0,0,0,0,0,0,0
9,50,50,36,50,36,50,50,50,36,36,50,30,31,50,30,31,30,31,50,13,13,13,13,13,13,13,13,13,13,13,0,0,0,0,0,0,0,0,0,0,0,0,0,0,0,0,0,0,0,0,0,0,0,0,0,0,0,0,0,0,0,0,0,0,0,0,0,0,0,0,0,0,0,0,0,0,0,0,0,0,0,0,0,0,0,0,0,0,0,0,0,0,0,0,0,0,0,0,0
9,50,50,36,50,36,50,50,50,36,30,31,30,31,50,30,31,36,36,50,13,13,13,13,13,13,13,13,13,13,13,0,0,0,0,0,0,0,0,0,0,0,0,0,0,0,0,0,0,0,0,0,0,0,0,0,0,0,0,0,0,0,0,0,0,0,0,0,0,0,0,0,0,0,0,0,0,0,0,0,0,0,0,0,0,0,0,0,0,0,0,0,0,0,0,0,0,0,0,0
9,50,30,31,50,50,36,50,50,30,31,50,58,59,50,50,50,50,30,31,13,13,0,0,0,0,0,0,0,0,0,0,0,0,0,0,0,0,0,0,0,0,0,0,0,0,0,0,0,0,0,0,0,0,0,0,0,0,0,0,0,0,0,0,0,0,0,0,0,0,0,13,0,13,0,0,0,0,0,0,0,0,0,0,0,0,0,0,0,0,0,13,13,13,0,0,0,0,0,0
9,36,50,50,50,50,50,30,31,30,31,58,77,77,59,50,50,50,50,36,13,13,0,0,0,0,0,0,0,0,0,0,0,0,0,0,0,0,0,0,0,0,0,0,0,0,0,0,0,0,0,0,0,0,0,0,0,0,0,0,0,0,0,0,0,0,0,0,0,0,0,13,0,13,0,0,0,0,0,0,0,0,0,0,0,0,0,0,0,0,0,13,0,0,0,0,0,0,0,0
9,50,50,50,50,50,50,50,30,31,50,68,77,77,69,50,50,50,36,50,13,13,0,0,0,0,0,0,0,0,0,0,0,0,0,0,0,0,0,0,0,0,0,0,0,0,0,0,0,0,0,0,0,0,0,0,0,0,0,0,0,0,0,0,0,0,0,0,0,0,0,13,13,13,0,13,0,13,0,0,0,0,0,0,0,0,0,0,0,0,0,13,13,13,0,13,0,13,0,0
9,50,50,50,50,50,50,50,50,36,30,31,68,69,50,50,50,30,31,50,13,13,0,0,0,0,0,0,0,0,0,0,0,0,0,0,0,0,0,0,0,0,0,0,0,0,0,0,0,0,0,0,0,0,0,0,0,0,0,0,0,0,0,0,0,0,0,0,0,0,0,0,0,13,0,13,0,13,0,0,0,0,0,0,0,0,0,0,0,0,0,13,0,13,0,13,0,13,0,0
9,50,50,50,30,31,50,50,50,36,36,50,50,50,50,36,50,50,50,36,13,13,0,0,0,0,0,0,0,0,0,0,0,0,0,0,0,0,0,0,0,0,0,0,0,0,0,0,0,0,0,0,0,0,0,0,0,0,0,0,0,0,0,0,0,0,0,0,0,0,0,0,0,13,0,13,13,13,0,0,0,0,0,0,0,0,0,0,0,0,0,13,13,13,0,13,13,13,0,0
9,50,50,50,50,50,50,50,50,50,50,36,50,50,36,50,88,50,36,50,13,13,0,0,0,0,0,0,0,0,0,0,0,0,0,0,0,0,0,0,0,0,0,0,0,0,0,0,0,0,0,0,0,0,0,0,0,0,0,0,0,0,0,0,0,0,0,0,0,0,0,0,0,0,0,0,0,13,0,0,0,0,0,0,0,0,0,0,0,0,0,0,0,0,0,0,0,13,0,0
9,50,50,50,50,50,50,50,30,31,50,36,50,50,50,36,50,50,30,31,13,13,0,0,0,0,0,0,0,0,0,0,0,0,0,0,0,0,0,0,0,0,0,0,0,0,0,0,0,0,0,0,0,0,0,0,0,0,0,0,0,0,0,0,0,0,0,0,0,0,0,0,0,0,0,0,0,13,0,0,0,0,0,0,0,0,0,0,0,0,0,0,0,0,0,0,0,13,0,0
9,50,50,50,50,50,50,50,50,36,36,50,50,50,36,79,50,50,50,36,13,13,0,0,0,0,0,0,0,0,0,0,0,0,0,0,0,0,0,0,0,0,0,0,0,0,13,13,0,0,0,0,0,0,0,0,0,0,0,0,0,0,0,0,0,0,0,0,0,0,0,0,0,0,0,0,0,0,0,0,0,0,0,0,0,0,0,0,0,0,0,0,0,0,0,0,0,0,0,0
9,50,50,50,50,50,50,50,36,50,30,31,50,50,50,50,36,30,31,50,13,13,13,13,13,13,13,13,13,13,13,13,13,13,13,13,13,13,13,13,13,13,13,13,13,13,13,13,13,13,13,13,13,13,13,13,13,13,13,13,13,13,13,13,13,13,13,13,13,13,13,13,13,13,13,13,13,13,13,13,13,13,13,13,13,13,13,13,13,13,13,13,13,13,13,13,13,13,13,13
9,50,50,50,50,50,50,50,36,50,36,36,50,50,30,31,50,36,36,36,13,13,13,13,13,13,13,13,13,13,13,13,13,13,13,13,13,13,13,13,13,13,13,13,13,13,13,13,13,13,13,13,13,13,13,13,13,13,13,13,13,13,13,13,13,13,13,13,13,13,13,13,13,13,13,13,13,13,13,13,13,13,13,13,13,13,13,13,13,13,13,13,13,13,13,13,13,13,13,13
9,30,31,50,50,30,31,50,50,30,31,50,50,50,50,30,31,50,36,50,13,13,13,13,13,13,13,13,13,13,13,13,13,13,13,13,13,13,13,13,13,13,13,13,13,13,13,13,13,13,13,13,13,13,13,13,13,13,13,13,13,13,13,13,13,13,13,13,13,13,13,13,13,13,13,13,13,13,13,13,13,13,13,13,13,13,13,13,13,13,13,13,13,13,13,13,13,13,13,13
9,50,30,31,50,36,50,30,31,50,36,50,50,50,50,50,50,50,50,36,23,23,23,23,23,23,23,23,23,23,23,23,23,23,23,23,23,23,23,23,23,23,3,23,14,15,23,3,23,23,23,3,3,23,23,23,23,23,23,23,23,23,23,14,15,23,23,23,23,23,23,23,23,23,23,23,23,23,23,23,23,23,23,23,23,23,23,23,23,23,23,23,23,23,23,23,23,23,23,23
9,50,50,50,50,50,50,50,50,36,36,50,50,50,50,50,88,50,50,36,33,33,33,33,33,33,33,33,33,33,33,33,33,33,33,33,33,33,33,33,33,33,33,33,24,25,33,33,33,33,33,33,33,33,33,33,33,33,33,33,33,33,33,24,25,33,33,33,33,33,33,33,33,33,33,33,33,33,33,33,33,33,33,33,33,33,33,33,33,33,33,33,33,33,33,33,33,33,33,33
9,50,50,50,50,50,50,50,50,36,30,31,50,50,50,50,50,50,30,31,36,36,71,81,82,71,72,82,72,71,81,82,72,71,71,81,81,82,72,36,9,30,31,50,72,81,50,30,31,50,50,50,50,71,36,50,50,50,50,36,30,31,50,50,50,50,50,36,50,50,50,50,50,50,50,50,50,50,50,50,50,50,50,50,50,50,50,50,50,50,50,50,50,50,50,50,50,50,36,36
9,50,50,50,50,50,50,50,50,36,36,50,50,50,89,79,50,50,50,36,50,36,91,91,91,91,91,91,91,91,91,91,91,91,91,91,91,91,91,36,9,50,50,50,91,91,50,50,50,50,50,50,50,50,36,50,91,50,50,36,36,50,50,50,50,50,50,30,31,50,89,59,50,50,91,91,91,91,50,58,77,79,91,82,89,78,78,79,91,82,50,50,50,50,50,50,50,50,36,36
28,18,18,18,18,18,53,19,19,19,18,18,53,18,50,50,36,30,31,36,36,50,50,50,50,50,50,50,50,50,50,50,50,50,50,50,50,50,50,36,9,50,50,50,91,91,50,50,50,50,50,50,50,50,50,50,50,71,71,30,31,36,36,36,30,31,50,36,91,82,50,68,59,50,71,71,71,91,89,77,69,50,50,71,71,81,81,71,71,82,50,57,50,36,91,82,82,36,50,36
44,44,44,44,44,44,63,44,44,44,44,44,63,44,30,31,50,71,82,36,36,50,50,50,50,50,50,50,50,50,50,50,50,50,50,50,50,50,50,36,9,50,50,50,91,91,50,50,58,59,50,50,50,50,50,50,50,71,71,50,50,50,50,50,50,36,50,71,71,71,71,50,87,50,50,82,91,91,50,67,50,50,50,71,71,82,81,71,71,82,89,77,78,36,91,71,82,36,50,36
36,50,50,50,50,50,50,50,50,50,50,50,50,50,50,30,31,91,89,78,78,79,50,50,50,50,50,50,50,50,50,50,50,50,50,50,50,50,50,36,9,50,50,50,91,91,50,50,68,69,50,50,50,50,36,50,91,50,50,91,50,50,50,50,50,50,36,91,91,91,91,50,89,78,78,79,50,50,50,87,82,91,91,91,91,91,91,91,91,91,50,87,50,36,36,71,36,36,50,36
36,50,50,50,4,5,5,5,5,5,5,5,5,6,36,36,36,36,36,30,31,36,36,36,30,31,36,36,50,30,31,36,30,31,36,36,30,31,36,36,9,50,50,50,81,82,50,36,36,36,36,36,82,36,36,36,36,50,50,50,50,50,50,50,50,50,36,36,36,34,36,56,56,56,56,35,50,91,50,34,36,36,50,50,50,36,36,50,50,36,36,36,30,31,36,71,36,30,31,36
36,36,50,50,4,5,5,5,5,5,5,5,5,5,5,5,5,5,5,5,5,5,5,5,5,5,5,6,50,4,5,5,5,5,5,6,36,50,50,36,9,56,56,56,56,56,56,36,36,36,36,36,82,36,36,50,50,50,50,50,50,50,50,50,50,50,30,31,50,29,36,66,66,66,66,9,50,72,50,29,36,36,50,50,50,50,50,50,50,36,36,36,50,50,91,71,91,50,50,36
16,50,50,50,50,50,50,50,50,50,50,50,50,50,50,50,50,50,50,50,50,50,50,50,88,50,50,50,89,78,78,79,50,50,50,50,50,30,31,36,9,66,66,66,66,66,66,44,44,44,36,50,71,50,50,30,31,50,50,50,50,50,50,50,50,50,50,30,31,29,36,50,34,56,35,9,50,50,50,29,34,35,35,50,50,30,31,34,34,36,4,5,5,5,5,53,5,5,5,6
26,50,50,50,50,50,50,50,50,50,50,50,50,50,50,50,50,50,50,50,50,50,50,50,50,50,50,50,50,50,50,50,50,89,59,50,50,50,50,36,9,50,50,50,50,50,88,50,50,36,36,50,71,50,57,50,30,31,50,36,36,50,50,50,50,50,36,50,50,29,36,50,29,66,9,28,19,53,19,39,29,9,28,19,19,19,19,39,29,36,36,50,50,50,91,63,91,50,50,36
16,50,50,4,5,5,5,5,5,5,5,5,5,5,5,5,5,5,6,36,36,50,50,50,57,50,50,50,50,50,50,50,50,50,68,59,50,50,30,31,9,50,50,58,77,79,50,50,50,36,36,50,82,50,87,50,36,36,30,31,36,50,50,50,36,30,31,50,50,29,36,50,29,50,9,45,44,63,45,46,29,9,45,45,45,45,45,46,29,36,36,50,50,50,91,50,91,50,50,36
26,50,50,50,50,50,50,50,50,50,50,50,50,50,50,50,50,50,50,36,35,50,50,50,67,50,57,50,50,34,36,50,50,50,57,87,50,50,50,36,9,50,89,77,69,50,50,50,50,36,36,50,50,88,50,50,50,36,36,50,50,50,50,50,36,36,50,88,50,29,36,50,29,59,28,18,18,53,19,19,39,28,18,18,18,19,19,19,39,36,4,5,5,5,5,53,5,5,5,6
16,50,50,50,50,50,50,50,50,50,50,50,89,78,79,88,50,50,50,36,9,50,50,50,67,57,87,50,50,29,36,50,50,50,87,50,50,50,50,36,9,50,50,67,50,50,50,30,31,36,36,50,50,50,50,30,31,36,50,36,36,50,50,50,30,31,50,50,50,29,36,50,29,77,45,45,45,63,45,45,45,45,45,45,45,45,45,45,45,36,36,50,50,50,91,63,91,36,36,36
26,50,50,50,57,50,50,50,50,50,50,50,50,50,89,77,59,50,36,50,9,50,50,50,77,77,59,50,50,29,35,50,50,50,50,50,50,50,50,34,9,50,50,87,50,50,50,50,50,36,36,89,79,50,50,50,36,36,36,36,30,31,50,50,36,36,50,50,50,29,36,50,29,87,50,50,50,57,50,36,36,50,50,50,50,50,50,50,50,36,36,50,50,50,91,71,71,36,71,71
16,50,50,50,67,50,50,50,50,50,50,50,50,50,50,87,67,50,30,31,9,50,50,89,77,77,69,50,50,29,9,50,50,50,50,50,50,50,50,29,9,50,50,50,88,50,50,50,50,36,36,50,50,36,30,31,50,50,50,50,50,50,36,30,31,50,50,50,50,29,36,50,29,50,50,50,50,67,50,30,31,58,78,78,78,78,78,78,59,36,36,50,50,50,91,91,91,91,91,36
26,50,50,50,67,50,50,50,50,50,50,50,50,50,50,50,87,50,36,50,9,50,50,50,87,67,50,57,50,29,9,50,35,50,71,91,50,34,50,29,9,50,50,50,50,50,50,50,50,35,36,30,31,50,50,50,36,50,50,50,50,50,50,50,50,50,50,50,58,29,36,50,29,50,50,50,50,67,50,30,31,67,50,50,50,50,50,50,67,36,36,50,50,50,50,50,50,50,50,36
50,35,50,50,67,50,50,50,50,34,36,36,50,50,50,50,50,50,50,36,9,50,50,50,58,77,79,87,50,29,9,56,9,50,91,72,50,29,56,29,28,18,18,18,54,56,56,56,56,9,35,50,30,31,50,50,50,50,50,50,50,50,50,88,50,50,50,50,68,29,36,50,29,50,36,50,50,67,36,36,36,67,36,50,36,36,50,36,67,36,36,36,36,36,36,36,36,36,36,36
50,9,50,50,67,50,50,50,50,29,71,36,50,50,50,50,50,50,30,31,9,50,50,50,67,87,50,50,50,29,9,66,9,50,50,50,50,29,66,29,43,44,44,44,64,66,66,66,66,9,9,50,36,36,50,50,50,30,31,50,36,50,50,50,50,50,50,50,50,29,36,50,29,50,36,50,50,67,36,36,36,67,36,50,36,36,50,36,67,36,36,36,50,50,50,50,50,50,50,36
31,9,50,50,87,50,50,50,50,29,30,31,50,50,50,50,50,50,50,36,9,50,50,50,87,50,50,50,50,29,9,50,28,18,18,53,19,39,50,29,36,50,50,50,50,50,50,50,50,9,9,50,50,50,50,50,50,50,50,50,50,50,50,50,50,50,50,50,50,29,36,50,29,50,50,50,50,67,50,30,31,67,50,50,36,50,50,58,77,59,30,31,36,36,50,50,50,50,50,50
50,9,50,50,50,50,50,50,50,29,81,36,35,91,50,50,50,91,34,36,9,50,50,50,50,88,50,71,50,29,9,50,43,44,44,63,45,46,50,29,36,50,50,50,50,50,50,50,50,9,9,50,50,50,50,50,50,50,50,50,50,50,50,50,50,88,50,50,50,29,36,50,29,50,50,50,50,67,50,36,36,67,50,50,36,50,58,77,77,77,59,50,30,31,36,50,50,50,50,50
31,28,18,18,18,53,19,19,19,39,71,36,28,18,54,56,55,19,39,50,9,50,50,91,91,91,91,50,50,29,9,50,50,50,50,50,50,50,50,29,36,50,71,72,71,81,71,82,50,9,9,50,50,50,50,50,50,50,50,50,50,50,58,59,50,50,50,50,58,29,36,50,29,50,50,50,50,68,78,78,78,69,50,30,31,89,77,77,77,77,77,79,50,50,50,36,36,50,50,50
50,43,44,44,44,63,45,45,45,46,81,36,43,44,64,66,65,45,46,36,9,50,50,91,51,52,91,50,50,29,28,18,18,18,53,19,19,19,19,39,36,50,81,91,91,91,91,71,50,9,28,18,18,18,53,19,19,19,19,19,19,19,19,19,19,19,19,19,19,39,36,50,29,36,36,36,36,36,36,36,36,36,36,36,36,50,68,77,77,77,69,82,50,50,50,82,36,50,50,50
31,50,50,50,50,50,50,50,36,71,30,31,50,50,50,50,50,30,31,50,9,50,50,91,61,62,91,50,50,29,43,44,44,44,63,45,45,45,45,46,36,50,82,81,72,72,71,81,50,9,43,45,45,46,66,43,45,45,45,45,45,45,45,45,45,45,45,45,45,46,36,50,29,36,36,36,36,36,36,36,36,36,30,31,36,36,50,68,77,69,50,50,50,50,50,50,30,31,50,50
34,50,50,50,57,50,50,50,36,71,72,36,50,50,50,50,50,50,50,36,9,50,50,91,91,91,91,50,50,29,36,50,50,50,57,50,50,50,50,50,50,50,50,50,50,50,50,50,50,9,36,50,50,50,50,50,50,50,87,50,50,88,50,50,36,50,50,50,50,50,50,50,29,82,50,50,50,50,50,50,50,50,50,50,82,30,31,50,87,50,50,50,50,50,50,50,50,36,36,50
29,50,50,50,67,50,50,50,36,82,30,31,50,50,50,50,50,50,50,36,9,50,71,50,50,50,50,82,50,29,30,31,50,50,87,50,58,77,78,79,50,50,50,50,50,50,50,50,50,28,18,18,18,18,53,19,19,19,19,19,19,19,19,19,19,19,19,19,19,19,19,19,39,36,82,50,50,50,50,50,36,50,50,50,50,50,36,30,31,50,50,50,82,50,50,50,50,82,36,50
29,50,50,50,67,50,50,50,81,36,71,36,50,50,50,50,50,50,30,31,9,50,50,50,50,50,50,50,50,29,36,50,50,50,50,89,77,69,88,50,50,50,50,30,31,50,50,50,82,43,45,45,45,46,66,43,45,45,45,45,45,45,45,45,45,45,45,45,45,45,45,45,46,50,50,50,36,36,30,31,36,50,50,50,50,50,30,31,36,50,50,50,50,50,50,50,50,50,30,31
29,50,50,50,67,50,50,50,36,71,36,82,50,50,50,50,50,50,50,36,28,18,18,18,18,19,19,19,19,39,36,30,31,36,30,31,36,36,30,31,36,30,31,36,36,36,30,31,36,30,31,88,50,50,50,87,50,82,30,31,36,50,50,50,50,50,50,87,50,35,34,87,91,71,71,91,30,31,36,36,36,50,50,36,30,31,36,36,30,31,30,31,36,36,30,31,50,36,36,36
29,50,50,89,77,78,78,79,36,35,34,56,56,56,56,56,56,56,30,31,43,44,44,44,44,44,44,44,44,46,4,6,4,6,4,6,4,6,4,6,4,6,4,6,4,6,4,6,30,31,36,50,50,50,50,50,50,82,50,36,30,31,91,91,91,91,91,91,50,9,29,50,91,71,71,91,36,36,30,31,36,50,50,30,31,36,36,30,31,36,36,30,31,36,36,36,50,36,30,31
29,50,50,50,67,50,50,50,50,9,29,66,66,66,66,66,66,66,66,36,50,4,6,50,50,4,6,50,50,50,50,50,50,50,50,50,4,6,50,50,50,50,50,50,50,50,50,50,36,30,31,50,50,50,50,50,50,50,50,82,82,72,72,72,81,81,81,91,50,9,29,50,91,72,72,91,50,50,50,36,30,31,50,50,50,50,50,82,30,31,36,82,30,31,50,50,50,50,50,36
29,50,50,50,87,50,50,50,50,9,29,50,50,88,50,50,50,50,50,36,50,50,50,50,50,50,50,50,50,4,6,50,50,50,50,50,50,50,50,50,4,6,50,50,50,50,50,36,30,31,36,50,50,50,50,50,50,50,82,35,34,91,91,91,91,81,81,91,50,9,29,50,91,72,72,91,50,50,50,36,36,50,50,50,50,50,50,50,50,36,36,50,50,50,50,50,50,50,30,31
29,50,50,50,50,50,50,50,50,9,29,50,50,50,50,50,50,57,30,31,50,50,50,50,50,50,50,71,71,81,50,50,50,50,50,50,50,50,50,50,50,50,50,50,50,50,50,30,31,50,50,50,50,50,50,50,50,50,50,9,29,50,50,50,91,72,72,91,50,9,29,50,91,81,81,91,50,50,50,30,31,50,50,50,50,50,50,50,82,30,31,50,50,50,50,50,50,50,50,36
29,56,56,56,56,56,56,56,56,9,29,50,50,50,50,50,58,77,50,36,50,50,50,4,6,3,3,50,71,81,50,50,50,50,58,59,50,50,50,4,6,50,50,50,50,50,30,31,50,50,50,50,50,50,50,50,50,50,50,28,39,50,50,50,91,72,72,91,50,9,29,79,91,81,81,91,50,30,31,36,36,50,82,50,50,50,50,50,30,31,30,31,50,50,50,50,50,30,31,36
29,66,66,66,66,66,66,66,66,9,29,91,72,50,50,50,77,69,36,36,50,50,50,3,3,50,71,50,71,81,50,58,59,58,4,6,50,50,50,50,50,50,50,50,50,50,36,88,50,50,50,50,50,50,50,50,50,50,50,43,46,50,50,50,91,81,81,91,50,9,29,50,91,71,71,91,50,50,30,31,30,31,50,50,50,50,50,50,50,36,36,50,50,50,30,31,50,50,50,30
29,50,50,36,50,50,36,50,50,9,29,50,91,50,50,50,87,36,50,50,50,50,50,71,50,50,82,50,82,71,89,77,77,77,77,59,50,50,50,50,50,50,50,50,50,50,50,30,31,50,50,50,50,50,50,50,50,50,30,31,50,30,31,50,91,72,72,91,50,28,39,79,91,71,71,91,50,50,50,36,36,50,50,50,50,50,50,50,50,50,50,50,50,50,50,50,82,50,30,31
29,50,50,36,91,91,36,50,50,9,29,91,82,50,50,50,88,36,30,31,50,50,50,71,50,50,50,50,50,71,50,68,77,77,77,69,50,4,6,50,50,50,50,50,50,50,50,50,36,88,50,50,50,50,50,50,50,50,50,35,34,50,50,50,91,72,72,91,50,43,46,50,91,72,72,91,50,50,50,30,31,50,50,50,50,50,50,50,50,36,36,50,50,82,30,31,50,50,50,36
39,50,50,36,71,72,36,50,50,28,39,50,50,50,50,36,50,50,36,50,50,50,4,6,50,50,50,50,50,82,50,50,68,69,87,50,50,50,50,50,50,50,50,50,50,50,50,50,30,31,36,30,31,50,50,50,50,50,50,28,39,50,50,50,91,72,72,82,82,72,82,72,91,72,72,91,50,50,30,31,36,82,50,50,50,50,50,82,30,31,36,30,31,36,36,30,31,36,30,31
46,36,36,36,72,71,36,36,36,43,46,36,36,36,36,50,30,31,50,50,50,50,50,82,50,50,50,50,50,50,50,50,50,50,50,50,50,50,50,50,50,50,50,50,50,50,50,50,50,50,4,5,5,5,5,5,5,5,5,43,46,5,5,5,5,5,5,5,5,5,5,5,5,5,5,5,5,5,5,5,5,5,5,5,5,5,5,5,5,5,5,5,5,5,5,5,5,5,5,6
