1,2,2,2,2,2,2,2,2,2,2,2,2,2,2,1,2,2,2,2,2,2,2,2,2,2,2,2,2,1,1,1,1,2,2,2,2,2,2,2,2,2,2,2,2,2,2,2,2,1,2,1,2,2,2,2,2,2,2,2,2,2,2,2,2,2,2,2,2,1,1,2,1,1,60,60,1,1,2,1
1,60,60,60,60,60,60,60,60,60,60,60,60,10,60,1,60,60,60,60,60,80,60,60,60,60,60,60,60,1,1,2,2,60,60,60,80,60,60,60,60,60,60,60,60,60,60,60,60,1,14,1,60,60,60,60,60,60,60,60,60,60,60,60,60,60,60,60,60,1,1,80,2,2,60,60,2,2,80,1
1,60,10,10,10,10,10,10,1,2,1,60,1,1,60,1,1,1,1,1,1,1,1,60,1,1,1,1,60,1,1,60,10,60,10,10,10,1,1,1,1,60,1,2,2,2,1,60,1,2,14,1,60,2,2,2,2,2,2,1,1,1,1,1,10,1,1,1,60,1,1,60,60,10,60,60,10,60,60,1
1,60,10,60,60,80,60,81,1,14,1,71,1,1,60,2,2,2,2,2,2,2,2,60,2,2,2,2,60,2,2,60,10,60,60,60,60,1,2,2,2,60,1,14,14,14,1,60,1,14,14,1,60,60,60,60,60,60,60,1,1,2,2,2,60,2,2,2,60,1,1,60,60,80,60,60,60,60,60,1
1,60,10,80,71,71,60,61,1,14,1,60,1,1,60,60,60,60,71,60,60,60,60,60,60,60,60,60,71,60,60,60,1,1,1,1,1,1,60,60,60,60,2,3,2,3,2,60,2,1,14,2,2,1,60,1,1,1,60,1,1,60,60,60,60,60,60,60,60,1,1,60,80,60,60,60,60,80,60,1
1,60,10,60,14,14,81,60,1,14,1,80,1,1,71,1,2,2,2,2,1,60,10,10,10,10,10,10,60,1,1,60,2,2,2,2,2,2,60,10,10,10,10,10,60,60,60,60,60,1,14,14,14,1,60,1,1,1,60,1,1,60,1,2,3,1,2,1,3,1,1,60,60,60,60,60,60,10,60,1
1,60,10,60,60,60,60,80,1,14,1,60,1,1,60,1,14,14,14,14,1,60,10,60,60,60,60,60,60,1,1,60,60,60,60,60,60,10,60,60,60,60,60,10,60,10,60,10,60,1,1,2,1,1,1,1,2,2,60,1,1,60,1,80,60,1,60,1,60,1,1,60,10,60,60,60,10,60,80,1
1,60,60,60,61,60,60,60,1,14,1,71,1,1,60,2,2,2,2,2,2,60,10,10,10,10,10,10,10,2,2,10,10,10,10,10,10,10,10,1,2,1,60,10,60,10,60,10,60,2,2,60,3,2,2,2,60,10,60,1,1,60,2,2,2,2,60,2,2,2,2,60,10,60,60,60,10,60,60,1
1,10,1,2,2,2,2,2,2,14,1,60,1,1,60,10,60,60,60,60,60,60,60,60,60,60,71,60,60,60,60,60,60,60,60,60,60,60,60,1,14,1,60,10,60,60,60,60,60,60,60,60,60,60,60,60,60,60,60,1,1,60,60,60,60,60,60,60,60,60,60,60,60,60,60,60,60,10,60,1
1,60,1,14,14,14,14,14,14,14,1,60,1,1,60,1,2,2,2,2,2,2,2,2,2,2,2,2,2,2,2,2,2,2,2,2,2,2,60,1,14,1,60,1,2,2,2,2,2,2,2,2,2,2,2,2,2,2,2,2,2,1,60,1,2,2,2,2,2,1,1,1,1,1,60,1,2,1,60,1
1,60,2,3,1,14,14,14,14,14,1,60,1,1,60,2,2,2,2,1,1,2,2,2,2,2,2,2,2,2,2,2,2,2,2,2,2,2,60,1,1,2,60,2,2,2,2,2,2,2,2,2,2,2,1,1,2,2,2,2,1,1,60,1,2,2,2,2,2,1,1,2,2,1,60,1,14,1,60,1
1,60,60,60,2,2,2,2,2,1,1,60,1,1,60,10,60,60,60,1,1,60,60,60,60,60,60,60,60,60,60,60,60,60,60,60,60,60,71,1,1,60,60,60,60,60,60,60,60,60,60,60,60,60,1,1,60,60,60,60,1,1,60,1,60,60,60,60,60,1,1,60,60,1,60,1,14,1,60,1
1,60,10,60,10,10,80,10,80,1,1,71,1,1,60,10,60,10,60,1,1,60,10,10,10,10,10,10,10,1,2,2,1,60,1,2,2,1,60,1,1,10,10,10,10,60,10,10,10,10,10,10,10,60,1,1,60,60,60,60,1,1,80,1,60,60,60,60,60,1,1,60,60,1,60,1,14,1,60,1
1,60,10,60,10,10,60,10,80,1,1,60,2,2,60,10,60,10,60,1,1,60,10,60,60,60,60,60,60,1,14,14,1,60,1,14,14,1,60,1,1,60,60,60,10,60,10,60,60,60,60,60,60,60,1,2,2,2,1,2,2,2,60,2,2,2,2,2,2,2,2,2,1,1,60,1,14,1,81,1
1,60,10,60,10,60,60,10,60,1,1,60,60,71,60,10,60,10,60,1,1,60,10,60,1,1,1,1,60,2,2,2,2,71,2,2,2,2,60,1,1,80,1,1,1,3,1,60,1,1,1,60,1,1,1,14,14,14,1,60,60,60,60,60,60,60,60,60,60,60,60,60,2,2,60,1,14,1,60,1
1,60,10,60,10,60,1,1,60,1,1,60,10,10,10,10,10,10,60,1,1,60,10,10,2,2,1,1,60,60,60,60,60,60,60,60,60,60,60,1,1,60,1,14,14,14,1,60,2,2,2,10,2,2,2,2,2,2,2,1,1,1,1,10,10,10,10,10,10,10,10,10,10,60,60,1,14,1,60,1
1,60,10,60,10,60,1,1,60,1,1,60,60,60,10,60,10,60,60,1,1,60,60,60,60,60,2,2,10,10,10,10,10,10,10,10,10,10,10,2,2,60,1,14,14,14,1,60,60,60,60,60,60,60,60,60,60,60,60,1,1,2,2,60,60,60,60,60,60,60,60,60,60,60,1,2,14,1,60,1
1,60,10,10,10,60,1,1,60,1,1,60,60,10,10,60,10,60,60,1,1,60,10,10,10,60,60,60,60,60,60,60,60,60,60,60,71,60,60,60,60,60,2,2,2,2,2,10,10,10,10,10,10,60,1,1,2,2,2,2,2,60,60,60,1,2,2,2,2,2,2,2,2,2,2,14,14,1,81,1
1,60,60,60,10,60,1,1,60,1,1,60,60,71,60,60,61,60,60,1,1,60,60,60,60,60,60,1,2,2,2,2,2,2,2,1,60,1,2,2,1,60,60,60,60,60,60,60,60,60,60,60,10,60,1,1,60,60,60,60,60,60,1,2,2,14,14,14,14,14,14,14,14,14,14,14,14,1,60,1
2,2,1,60,10,60,1,1,60,1,2,2,2,2,2,2,2,2,2,2,2,2,2,2,2,2,2,2,14,14,14,14,14,14,14,1,60,1,14,14,1,2,2,2,2,1,60,1,2,2,2,2,1,60,1,1,60,1,2,2,2,2,2,14,14,14,14,14,14,14,14,14,14,14,14,14,14,1,60,1
14,14,1,60,10,60,1,1,60,1,14,1,2,2,4,2,2,4,2,2,2,2,2,2,2,2,2,2,2,1,14,14,14,14,14,1,60,1,14,14,1,2,2,2,2,2,60,2,2,2,2,2,2,60,1,2,60,1,14,14,1,2,2,2,2,2,2,2,2,1,1,2,2,2,2,2,2,2,60,1
1,3,2,60,10,60,2,2,60,1,14,1,60,60,61,60,60,60,60,60,60,60,60,60,60,60,60,60,60,1,14,14,14,14,14,1,60,1,14,14,1,60,60,60,60,60,60,60,60,60,60,60,60,60,1,60,60,1,14,14,1,60,60,60,60,60,60,60,60,1,1,60,60,60,60,60,60,60,60,1
1,60,60,60,60,60,60,60,60,1,14,1,1,1,1,1,1,60,1,2,1,60,1,2,2,2,2,1,60,1,1,3,2,2,2,2,80,1,14,14,1,60,2,3,2,1,1,2,2,2,2,2,2,2,2,60,1,1,2,2,2,60,71,71,71,71,71,71,60,1,1,60,71,71,71,71,71,71,60,1
1,60,1,2,1,60,1,1,60,1,1,2,2,2,2,2,2,60,1,14,1,60,1,60,60,60,60,1,60,1,1,80,60,60,60,60,60,2,2,1,1,60,60,60,60,1,2,60,60,60,60,60,60,60,60,60,1,1,60,60,60,60,14,14,14,14,14,14,60,1,1,60,14,14,14,14,14,14,60,1
1,60,1,14,1,60,3,1,60,1,1,60,60,60,60,60,60,60,1,14,1,60,1,60,60,60,60,1,60,1,1,1,1,1,1,1,60,60,60,1,1,10,10,60,10,1,60,60,1,2,1,2,2,2,2,2,2,2,60,1,1,60,14,14,14,14,14,14,60,1,1,60,14,14,14,14,14,14,60,1
1,60,1,14,1,60,60,10,60,1,1,60,1,3,2,2,1,60,1,14,1,60,1,60,60,60,60,1,60,1,1,2,2,2,2,2,60,10,10,1,1,60,60,60,60,1,60,1,2,14,1,60,60,60,60,60,60,60,60,1,1,60,14,14,14,14,14,14,60,1,1,60,14,14,14,14,14,14,60,1
1,60,1,2,3,1,60,10,60,1,1,60,1,60,60,60,1,60,1,14,1,60,1,60,60,60,60,1,60,1,1,80,60,60,60,60,60,60,60,1,1,60,60,60,60,1,60,1,14,14,1,60,71,71,71,71,71,71,60,1,1,60,14,14,14,14,14,14,60,1,1,60,14,14,14,14,14,14,60,1
1,60,1,60,81,1,60,10,60,1,1,60,1,60,60,60,1,60,1,14,1,60,1,60,60,60,60,1,60,1,1,10,10,10,10,10,60,10,10,1,1,60,60,60,60,1,60,1,14,14,1,60,14,14,14,14,14,14,60,1,1,60,14,14,14,14,14,14,60,2,2,60,14,14,14,14,14,14,60,1
1,60,1,81,61,1,60,10,60,1,1,60,1,60,80,60,1,60,1,14,1,60,1,60,60,60,60,1,60,1,1,80,60,60,60,60,60,60,60,1,1,60,60,60,60,1,60,1,14,14,1,60,60,60,60,60,60,60,60,1,1,60,60,60,60,60,60,60,60,60,60,60,60,60,60,60,60,60,60,1
1,60,1,60,60,1,1,1,60,1,1,60,1,60,80,60,1,60,1,14,1,60,1,71,71,71,71,1,60,1,2,2,2,2,2,2,2,2,2,2,2,2,2,2,2,1,60,1,14,14,1,2,2,2,2,2,2,2,2,2,2,2,2,2,1,60,1,2,2,2,2,2,2,2,2,2,2,2,2,2
1,60,2,2,2,2,2,2,60,1,1,60,1,80,80,80,1,60,1,14,1,60,2,2,2,2,2,2,60,1,1,2,2,2,2,2,2,2,2,2,2,2,2,2,2,2,60,1,14,14,1,2,2,2,2,2,2,2,2,1,1,2,2,2,2,60,2,2,2,1,1,2,2,2,2,2,2,2,2,1
1,60,60,60,60,60,60,60,60,1,1,60,2,2,2,2,2,60,2,2,2,60,60,60,60,60,60,60,60,1,1,80,80,60,60,60,60,60,60,60,60,60,60,60,60,60,60,1,14,14,1,60,60,60,60,60,60,60,60,1,1,60,60,60,60,60,60,60,60,2,2,60,60,60,60,60,60,60,60,1
1,60,1,1,1,1,1,1,1,1,1,60,60,60,10,60,60,60,60,60,60,60,1,2,2,2,2,2,2,2,1,80,60,60,60,60,60,60,60,1,1,2,3,2,2,2,2,3,2,1,1,60,71,71,71,71,71,71,60,1,1,60,71,71,71,71,71,71,60,60,60,60,71,71,71,71,71,71,60,1
1,60,2,3,2,2,2,2,3,2,2,10,10,60,10,60,1,2,2,2,2,2,2,14,14,14,14,14,14,14,1,60,60,60,60,60,60,60,60,1,1,71,71,71,71,71,71,71,71,1,1,60,14,14,14,14,14,14,60,1,1,60,14,14,14,14,14,14,60,1,1,60,14,14,14,14,14,14,60,1
1,60,60,60,60,60,60,60,60,60,60,60,60,60,60,60,1,14,14,14,14,14,14,14,14,14,14,14,14,14,1,60,60,60,60,60,60,60,60,1,1,14,14,14,14,14,14,14,14,1,1,60,14,14,14,14,14,14,60,1,1,60,14,14,14,14,14,14,60,1,1,60,14,14,14,14,14,14,60,1
1,60,1,1,1,1,1,1,1,1,1,1,1,1,1,1,1,14,14,14,14,14,14,14,14,14,14,14,14,14,1,60,60,60,60,60,60,60,60,1,1,14,14,14,14,14,14,14,14,1,1,60,14,14,14,14,14,14,60,2,2,60,14,14,14,14,14,14,60,1,1,60,14,14,14,14,14,14,60,1
1,60,2,2,2,2,2,2,2,2,2,3,2,2,2,2,2,2,2,2,2,2,1,14,14,14,14,14,14,14,1,60,60,60,60,60,60,60,80,1,1,14,14,14,14,14,14,14,14,1,1,60,60,60,60,60,60,60,60,60,60,60,14,14,14,14,14,14,60,1,1,60,14,14,14,14,14,14,60,1
1,60,60,71,71,60,60,60,60,60,60,60,60,60,60,60,60,60,60,60,60,60,1,1,2,3,2,2,2,2,3,60,81,60,60,60,60,60,80,2,2,2,2,2,2,2,2,2,2,2,2,10,10,10,10,1,2,1,71,1,1,60,14,14,14,14,14,14,60,1,1,60,14,14,14,14,14,14,60,1
1,2,1,1,1,2,2,3,1,1,1,3,1,2,2,2,2,1,2,1,1,60,1,1,60,60,60,60,60,60,60,81,60,60,60,60,60,60,60,60,60,60,60,60,60,60,60,60,60,60,60,60,60,60,60,1,14,1,14,1,1,60,60,60,60,60,60,60,60,1,1,60,14,14,60,14,14,60,60,1
1,60,1,1,1,60,10,60,1,1,1,60,1,14,14,14,14,1,60,1,1,60,1,1,60,1,2,2,2,2,2,2,2,2,2,2,2,2,2,2,2,2,2,2,2,2,2,2,2,2,2,2,2,1,60,1,14,1,60,1,1,2,2,2,2,2,2,2,2,2,2,2,2,1,60,1,2,2,2,2
1,60,2,2,3,60,10,60,2,2,2,60,2,3,2,2,2,2,60,1,1,60,1,1,60,1,14,14,14,14,1,2,2,2,1,2,2,2,2,1,2,2,2,1,2,2,3,1,2,2,2,2,2,1,60,1,2,2,60,1,1,2,2,3,1,1,2,2,2,2,2,2,2,2,60,2,2,2,2,1
1,60,10,60,60,60,60,60,60,60,60,60,60,60,60,60,60,60,60,1,1,60,1,1,60,1,14,14,14,14,1,60,60,60,1,60,60,60,60,1,14,14,14,1,80,80,80,1,60,60,60,60,60,1,60,1,60,60,60,1,1,60,60,60,1,1,60,60,60,60,60,60,60,60,60,60,60,60,60,1
1,60,10,60,1,3,2,2,3,1,1,2,3,2,1,3,2,1,60,1,1,60,1,1,60,1,14,14,14,14,1,60,60,60,1,60,1,1,60,2,2,2,2,1,60,60,60,1,60,1,2,1,60,1,60,1,60,71,60,1,1,60,60,60,1,1,60,71,60,1,1,60,71,71,71,71,71,71,60,1
1,60,10,60,1,60,60,60,60,1,1,71,71,71,1,60,60,1,2,2,2,60,1,1,80,1,14,14,14,14,1,60,60,60,1,60,1,1,60,60,60,60,60,1,71,71,71,1,60,1,14,1,60,1,60,1,60,14,60,1,1,60,60,60,1,1,60,14,60,1,1,60,14,14,14,14,14,14,60,1
1,60,60,60,1,60,60,60,60,1,1,14,14,14,1,60,60,1,60,60,60,60,1,1,60,1,14,14,14,14,1,1,1,1,2,60,1,2,2,2,2,1,60,2,2,2,2,2,60,1,14,1,60,1,60,1,60,14,60,1,1,60,60,60,2,2,60,14,60,1,1,60,14,14,14,14,14,14,60,1
1,60,10,60,1,60,60,60,60,1,1,14,14,14,1,60,60,1,60,10,10,10,2,2,60,2,2,2,2,2,2,3,2,2,60,60,1,14,14,14,14,1,60,60,60,60,60,60,60,1,14,1,60,1,60,1,60,14,60,1,1,71,71,60,60,60,60,14,60,1,1,60,14,14,14,14,14,14,60,1
1,10,10,60,1,80,60,60,80,1,1,14,14,14,1,60,60,1,60,60,60,60,60,60,60,60,60,71,71,60,60,60,60,60,60,1,2,2,2,1,1,2,2,2,2,2,2,2,2,1,14,1,60,1,60,1,60,14,60,1,1,1,10,10,10,10,60,14,60,1,1,60,14,14,14,14,14,14,60,1
1,60,10,60,1,60,60,60,60,1,1,14,14,14,1,60,60,2,2,1,1,10,10,10,80,1,2,2,2,2,2,2,2,2,2,1,60,60,60,1,1,60,60,60,60,60,60,60,60,1,14,1,60,1,60,1,60,60,60,1,14,1,60,60,60,10,60,14,60,1,1,60,14,14,14,14,14,14,60,1
1,60,10,60,1,60,60,60,60,1,1,14,14,14,1,80,60,60,60,1,1,60,60,60,60,1,14,14,14,14,14,14,14,14,14,1,60,60,60,1,1,80,80,80,60,60,60,60,60,1,14,1,60,1,60,1,60,1,1,1,14,1,60,10,60,10,60,60,60,1,1,60,60,60,60,60,60,60,60,1
1,60,10,60,1,1,1,1,1,1,1,14,14,14,1,80,80,60,60,1,1,60,1,2,2,2,14,14,14,14,14,14,14,14,14,2,2,2,2,2,2,2,2,2,2,2,2,2,2,2,14,1,60,1,60,1,60,1,14,14,14,1,60,10,60,10,2,2,60,1,1,2,1,60,1,2,2,2,2,1
1,60,10,60,2,2,2,2,2,2,3,2,2,2,2,2,2,2,2,3,2,60,1,1,2,2,2,2,2,2,2,2,2,2,2,2,2,2,2,2,2,2,2,2,2,2,2,2,2,2,2,2,60,1,60,1,60,1,14,14,14,1,60,10,60,10,2,2,60,1,1,2,2,60,2,2,2,2,2,1
1,60,10,60,60,60,60,60,60,60,60,60,60,60,60,60,60,60,60,60,60,60,1,1,60,60,60,60,60,60,60,60,60,60,60,60,60,60,60,60,60,60,60,60,60,60,60,60,60,60,60,60,60,1,60,1,60,2,2,1,14,1,60,10,60,10,60,60,60,1,1,60,60,60,60,60,60,60,60,1
1,60,60,10,10,10,10,10,10,10,10,10,10,10,10,10,10,10,10,1,1,2,2,1,60,1,2,3,2,1,2,2,2,2,2,2,2,2,2,2,1,60,10,10,10,10,10,10,10,1,1,2,2,2,60,1,60,10,60,1,14,1,60,10,60,10,60,71,60,1,1,60,71,71,71,71,71,71,60,1
1,60,10,60,60,60,60,60,60,60,60,60,60,60,60,60,60,60,60,1,1,60,60,1,60,1,60,60,60,1,82,82,82,82,82,82,82,82,82,82,1,60,60,60,60,60,60,60,60,1,1,60,60,60,60,1,60,10,60,1,14,1,60,10,60,10,60,14,60,1,1,60,14,14,14,14,14,14,60,1
1,60,10,60,1,2,2,2,2,2,2,2,2,2,2,2,2,1,60,1,1,60,60,1,60,1,60,60,60,1,1,2,2,2,2,2,2,2,1,82,1,1,2,2,2,2,2,1,60,1,1,60,10,10,1,1,60,60,60,1,14,1,60,10,60,10,60,14,60,1,1,60,14,14,14,14,14,14,60,1
1,60,10,60,1,71,71,71,71,71,71,71,71,71,71,71,71,1,60,1,1,60,60,1,60,1,60,60,60,1,1,60,60,60,60,60,60,60,1,82,1,1,60,60,60,80,60,1,60,1,1,60,10,60,1,1,3,1,1,1,14,1,60,10,60,10,60,14,60,1,1,60,14,14,14,14,14,14,60,1
1,60,10,60,1,14,14,14,14,14,14,14,14,14,14,14,14,1,60,1,1,60,60,1,60,1,60,60,60,1,1,60,1,2,2,2,1,60,1,82,1,1,71,71,71,71,71,1,60,1,1,60,10,60,1,1,60,2,3,1,14,1,60,10,60,10,60,14,60,1,1,60,14,14,14,14,14,14,60,1
1,60,10,60,1,14,14,14,14,14,14,14,14,14,14,14,14,1,60,1,1,60,60,1,60,1,60,80,80,1,1,60,1,60,60,60,1,60,1,82,1,2,2,2,2,2,2,2,60,1,1,60,10,60,1,1,60,10,60,1,14,1,60,10,60,10,60,14,60,1,1,60,14,14,14,14,14,14,60,1
1,60,60,60,1,14,14,14,14,14,14,14,14,14,14,14,14,1,60,1,1,60,60,1,60,1,71,71,71,1,1,60,1,60,71,60,1,60,1,82,1,60,60,60,60,60,60,60,60,1,1,60,10,60,1,1,60,10,60,1,14,1,60,10,60,10,60,14,60,1,1,60,60,60,60,60,60,60,60,1
1,2,2,2,2,14,14,14,14,14,14,14,14,14,14,14,14,1,60,1,1,2,2,1,60,1,2,2,2,2,1,60,1,80,60,60,1,60,1,82,1,60,1,2,2,2,2,2,2,2,1,60,10,60,1,1,60,10,60,1,14,1,60,10,60,10,60,14,60,1,1,2,2,2,2,2,2,1,60,1
1,2,1,1,2,1,14,1,2,1,14,14,1,2,1,14,14,1,60,1,1,2,2,1,60,1,2,2,2,2,1,60,2,2,2,2,2,60,1,82,1,60,2,2,2,2,2,2,2,1,1,60,10,60,1,1,60,10,60,1,14,1,60,10,60,10,60,14,60,1,1,2,2,2,2,2,2,2,60,1
1,60,1,1,60,1,14,1,60,1,14,14,1,60,1,14,14,1,60,1,1,60,60,1,60,1,60,60,60,60,1,60,10,60,60,60,60,60,1,82,1,60,10,60,80,10,60,60,60,1,1,60,10,60,1,1,60,10,60,1,14,1,60,10,60,10,60,14,60,1,1,60,60,60,60,60,60,10,60,1
1,60,3,2,60,2,2,2,60,2,2,3,2,60,2,1,14,1,60,1,1,60,60,1,60,1,60,60,60,60,1,60,10,60,1,3,2,2,3,1,1,60,10,60,60,10,71,71,71,1,1,60,10,60,1,1,71,10,71,1,14,1,60,10,60,10,60,60,60,1,1,60,71,71,71,71,60,10,60,1
1,60,60,81,60,60,60,60,60,60,60,71,71,60,60,1,14,1,60,1,2,1,60,1,2,2,2,2,2,2,2,60,10,60,1,60,60,60,60,1,1,60,10,60,60,10,2,2,2,2,2,60,10,71,1,1,60,10,60,1,14,1,60,10,60,10,10,10,60,1,1,60,14,14,14,14,60,10,60,1
1,60,1,2,2,2,2,2,2,2,2,2,2,1,80,1,14,1,60,1,14,1,10,1,60,60,60,60,60,60,60,60,10,60,1,60,60,60,60,1,1,60,10,60,60,10,60,10,60,60,60,60,10,60,1,1,60,10,60,1,14,1,60,10,60,10,60,10,60,1,1,60,14,14,14,14,60,60,60,1
1,81,1,14,14,14,14,14,14,14,14,14,14,1,60,2,2,3,60,1,14,1,60,1,60,1,2,1,2,2,2,2,10,60,1,80,80,60,60,1,1,60,10,60,60,10,60,10,60,1,1,10,10,60,2,2,60,10,60,2,2,2,10,10,60,10,60,10,60,2,2,60,14,14,14,14,60,10,60,1
1,60,1,14,14,14,14,14,14,14,14,14,14,1,60,60,80,60,60,1,14,1,60,1,60,1,82,1,60,60,60,60,10,60,1,71,71,71,71,1,1,60,10,71,71,10,60,10,60,1,1,60,60,60,60,60,60,60,60,60,60,60,60,60,60,10,60,10,60,60,60,60,60,60,60,60,60,10,60,1
1,60,2,2,2,2,2,2,2,2,2,2,2,2,2,1,60,10,10,3,2,2,60,1,60,1,82,1,60,1,1,60,10,60,1,2,3,2,2,3,2,60,10,10,10,10,60,10,60,1,1,60,1,2,3,1,60,10,10,10,10,10,10,10,10,10,60,10,2,2,2,2,2,2,2,2,2,2,60,1
1,60,60,60,60,60,60,60,60,60,60,60,60,60,60,1,60,60,60,60,60,60,60,1,60,1,82,1,60,1,1,60,10,60,1,60,60,60,60,60,60,60,60,60,60,60,60,10,60,1,1,60,1,80,80,1,60,60,60,60,60,60,71,71,60,60,60,10,60,60,60,60,60,60,60,60,60,60,60,1
1,60,1,2,2,2,2,2,2,2,2,2,2,1,60,1,2,2,2,2,2,2,2,1,60,1,82,1,60,1,1,60,10,60,1,2,2,2,2,2,2,2,2,2,2,2,2,1,60,1,1,60,1,80,62,2,2,2,2,2,2,2,2,2,2,2,2,1,60,1,2,2,2,2,2,2,2,2,2,1
1,60,1,14,14,14,1,2,1,14,14,14,14,1,60,2,2,2,2,2,2,2,2,2,60,1,82,1,60,1,1,60,10,60,2,2,2,2,2,2,2,2,2,2,2,2,2,2,60,1,1,60,2,2,2,2,2,2,2,2,2,2,2,2,1,1,2,2,60,1,1,2,3,2,2,2,2,3,2,1
1,60,1,14,14,14,1,60,1,14,14,14,14,1,60,60,60,60,60,60,60,60,60,60,60,1,82,1,60,1,1,60,10,60,60,60,60,60,60,60,60,60,60,60,60,60,60,60,60,1,1,60,60,60,60,60,60,60,60,60,60,60,60,60,1,1,60,10,60,1,1,60,60,60,60,60,60,60,60,1
1,60,1,14,14,14,1,60,1,14,1,2,2,2,2,2,2,2,2,1,1,2,2,2,2,2,1,1,60,2,2,2,2,2,2,2,2,2,2,1,2,2,2,2,2,2,2,2,2,2,1,10,10,10,10,10,10,10,10,10,10,10,10,60,2,2,60,10,60,1,1,60,10,10,10,10,10,10,60,1
1,60,2,2,2,2,2,60,1,14,1,60,60,60,60,60,60,80,60,1,1,82,82,82,82,82,1,1,60,60,60,60,60,60,60,60,60,60,60,1,82,82,82,82,82,82,82,82,82,82,1,60,60,60,60,60,60,60,60,60,60,60,60,60,60,60,60,10,60,1,1,80,10,60,60,80,60,10,60,1
1,60,60,60,60,60,10,60,1,14,1,60,60,60,60,60,60,60,80,1,1,82,82,82,82,82,1,2,3,1,1,1,1,1,1,1,1,1,60,1,1,2,2,3,2,2,2,2,2,2,2,10,10,10,10,10,10,10,10,10,10,10,10,60,60,10,60,10,60,1,1,60,1,1,1,1,60,10,60,1
1,60,10,10,10,60,10,60,1,14,1,60,60,60,60,60,60,60,60,1,1,82,82,82,82,82,1,60,60,1,1,2,2,2,2,2,1,1,60,1,1,60,60,60,60,60,60,60,60,60,60,60,60,60,60,60,60,60,60,60,60,60,10,60,60,10,60,10,60,1,1,60,2,2,2,2,80,10,60,1
1,60,10,60,60,60,10,60,1,14,1,71,71,71,60,60,71,71,71,1,1,82,82,82,82,82,1,1,60,1,1,60,60,60,60,60,1,1,60,1,1,60,10,10,10,10,10,10,10,10,10,10,10,10,1,1,1,1,1,1,1,60,10,60,60,10,60,10,60,1,1,80,60,60,80,60,60,10,60,1
1,60,10,10,10,10,10,60,3,3,2,2,2,3,2,2,2,2,2,3,2,2,2,2,3,2,2,2,60,2,3,60,10,10,10,60,2,2,60,2,2,60,10,60,60,60,60,60,60,60,60,60,60,60,2,2,2,2,2,2,2,60,10,60,60,10,60,10,60,2,2,10,10,10,10,10,10,10,60,1
1,60,60,60,60,60,60,60,81,60,60,60,60,60,60,60,60,60,60,60,60,60,60,60,60,60,60,60,60,60,60,60,60,60,60,60,60,60,60,60,60,60,1,1,1,1,1,1,1,1,1,1,1,60,60,60,71,71,60,60,60,60,60,60,60,10,60,10,60,60,60,60,60,60,60,60,60,60,60,1
2,2,2,2,2,2,2,2,2,2,2,2,2,2,2,2,2,2,2,2,2,2,2,2,2,2,2,2,2,2,2,2,2,2,2,2,2,2,2,2,2,2,2,2,2,2,2,2,2,2,2,2,2,2,2,2,2,2,2,2,2,2,2,2,2,2,2,2,2,2,2,2,2,2,2,2,2,2,2,2
14,14,14,1,2,2,2,2,1,1,1,1,1,14,14,14,14,1,2,2,2,2,2,2,2,2,2,2,2,1,1,2,2,2,2,2,2,2,2,1,1,2,2,2,2,2,2,2,2,1,82,82,82,82,1,2,1,82,82,82,0,0,0,0,0,0,0,0,0,0,0,0,0,0,0,0,0,0,0,0
14,14,14,1,60,60,60,60,2,2,2,2,1,2,2,2,2,2,60,60,60,60,60,60,60,60,60,60,60,1,1,60,60,60,60,60,60,60,60,1,1,60,60,60,60,60,60,60,60,1,82,82,82,82,1,60,1,82,82,82,0,0,0,0,0,0,0,0,0,0,0,0,0,0,0,0,0,0,0,0
14,14,14,1,60,60,60,60,60,60,60,60,1,60,60,60,60,60,60,1,1,60,10,10,10,10,10,10,10,2,2,60,1,1,1,1,1,1,3,1,1,60,80,80,80,80,80,80,80,1,82,82,82,82,1,60,1,82,82,82,0,0,0,0,0,0,0,0,0,0,0,0,0,0,0,0,0,0,0,0
14,14,14,1,60,60,60,60,1,1,1,60,1,10,10,10,60,10,10,1,1,60,30,60,60,60,30,60,60,60,60,60,2,2,2,2,2,2,60,2,2,60,80,80,80,80,80,80,80,2,2,2,2,2,2,60,2,1,82,82,0,0,0,0,0,0,0,0,0,0,0,0,0,0,0,0,0,0,0,0
14,14,14,2,2,2,2,2,2,2,1,60,1,60,60,60,60,60,60,1,1,60,30,60,30,60,30,60,1,2,1,60,60,60,60,60,60,60,60,60,60,60,80,80,80,60,80,80,80,60,60,60,60,60,60,60,60,1,82,82,0,0,0,0,0,0,0,0,0,0,0,0,0,0,0,0,0,0,0,0
14,14,14,14,14,14,14,14,14,14,1,60,1,10,10,60,10,10,10,1,1,60,30,60,30,60,30,60,1,0,1,60,60,60,60,60,60,1,60,1,1,60,80,80,80,80,80,80,80,60,60,60,60,60,60,60,60,1,82,82,0,0,0,0,0,0,0,0,0,0,0,0,0,0,0,0,0,0,0,0
14,14,14,14,14,14,14,14,14,14,1,60,1,60,60,60,60,60,60,1,1,60,60,60,30,60,60,60,1,0,1,60,60,60,60,60,60,1,2,2,1,60,80,80,80,80,80,80,80,1,2,2,2,2,2,2,2,2,82,82,0,0,0,0,0,0,0,0,0,0,0,0,0,0,0,0,0,0,0,0
14,14,14,14,14,14,14,14,14,14,1,60,2,60,10,10,10,10,10,1,1,60,30,60,30,60,30,60,1,0,1,60,60,60,60,60,60,1,82,82,1,60,60,80,80,80,80,80,80,1,82,82,82,82,82,82,82,82,82,82,0,0,0,0,0,0,0,0,0,0,0,0,0,0,0,0,0,0,0,0
14,14,14,14,14,14,14,14,14,14,1,60,60,60,60,60,60,60,60,1,1,60,30,60,30,60,30,60,1,82,1,60,60,60,60,60,60,1,82,82,1,60,60,80,80,80,80,80,80,1,82,82,82,82,82,82,82,82,82,82,0,0,0,0,0,0,0,0,0,0,0,0,0,0,0,0,0,0,0,0
14,14,14,14,14,14,14,14,14,14,2,2,2,2,2,2,2,2,2,2,2,2,2,2,2,2,2,2,2,2,2,2,2,2,2,2,2,2,2,2,2,2,2,2,2,2,2,2,2,2,82,82,82,82,82,82,82,82,82,82,0,0,0,0,0,0,0,0,0,0,0,0,0,0,0,0,0,0,0,0
